{"schemaVersion":"1.0","appDefinitionTemplate":{"id":"/providers/Microsoft.PowerApps/apps/","type":"Microsoft.PowerApps/apps","tags":{"primaryDeviceWidth":"1366","primaryDeviceHeight":"768","supportsPortrait":"true","supportsLandscape":"true","primaryFormFactor":"Tablet","publisherVersion":"3.22111.19","minimumRequiredApiVersion":"2.2.0","hasComponent":"true","hasUnlockedComponent":"true","isUnifiedRootApp":"false","sienaVersion":"20221124T130837Z-3.22111.19.0"},"properties":{"appVersion":"2022-11-24T13:08:37Z","lifeCycleId":"Published","createdByClientVersion":{"major":3,"minor":22111,"build":19,"revision":0,"majorRevision":0,"minorRevision":0},"minClientVersion":{"major":3,"minor":22111,"build":19,"revision":0,"majorRevision":0,"minorRevision":0},"backgroundColor":"RGBA(0,176,240,1)","backgroundImageUri":"/5852989983267463630/Nb20c66a0-30c9-4cc6-aca4-5d0d59134dde-logoSmallFile","displayName":"WorldClock","description":"","commitMessage":"","appUris":{"documentUri":{"value":"/5852989983267463630/N90fb692b-89f4-4d86-a4bd-e201c36638a9-document.msapp"},"imageUris":[],"additionalUris":[]},"createdTime":"0001-01-01T00:00:00Z","lastModifiedTime":"0001-01-01T00:00:00Z","sharedGroupsCount":0,"sharedUsersCount":0,"icons":{"smallIconUri":"/5852989983267463630/N7b377e16-14a2-44f4-a075-fc7d1354eb54-small.png","mediumIconUri":"/5852989983267463630/N35303c6d-b95a-4ce8-a247-4242fa22a2aa-medium.png","largeIconUri":"/5852989983267463630/N69b88cd0-63bb-4083-8dd4-6c58f13bf0d0-large.png","wideIconUri":"/5852989983267463630/N087856c9-8daf-419c-86c5-ed7e2927ea73-wide.png"},"connectionReferences":{},"databaseReferences":{},"almMode":"Solution","performanceOptimizationEnabled":true,"canConsumeAppPass":true,"enableModernRuntimeMode":false,"executionRestrictions":{"isTeamsOnly":false,"dataLossPreventionEvaluationResult":{"status":"Compliant","lastEvaluationDate":"2022-11-24T12:16:55.1245453Z","violations":[],"violationsByPolicy":[],"violationErrorMessage":"このアプリでは、次のコネクタが使用されます: 。"}}},"appType":"ClassicCanvasApp","appComponents":[]}}